https://socradar.io/feed/,rss_socradar_io
https://blog.checkpoint.com/feed/,rss_socradar_io
https://russianpanda.com/feed,rss_socradar_io
https://www.zscaler.com/blogs/feeds,rss_socradar_io
https://cyble.com/feed/,rss_socradar_io
https://cybersecuritynews.com/feed/,rss_socradar_io
https://feeds.feedburner.com/TheHackersNews,rss_socradar_io
https://exploitreversing.com/feed/,rss_socradar_io
https://opendatasecurity.co.uk/feed/,rss_socradar_io
https://securityaffairs.com/feed,rss_socradar_io
https://iototsecnews.jp/feed/,rss_socradar_io
https://industrialcyber.co/feed/,rss_socradar_io
https://research.checkpoint.com/feed/,rss_socradar_io
https://www.sentinelone.com/feed/,rss_socradar_io
https://news.sophos.com/en-us/feed/,rss_socradar_io
https://cyware.com/allnews/feed,rss_cyware_com
https://exploitreversing.com/feed/,rss_socradar_io
https://www.artresilia.com/feed/,rss_socradar_io
https://www.reversinglabs.com/blog/rss.xml,rss_socradar_io
https://feeds.feedburner.com/TrendMicroSimplySecurity,rss_socradar_io
https://news.sophos.com/en-us/feed/,rss_socradar_io
https://blog.vincss.net/feed/,rss_socradar_io
https://www.deepinstinct.com/blog/feed.xml,rss_socradar_io
https://www.blackhillsinfosec.com/feed,rss_socradar_io
https://thedfirreport.com/feed,rss_socradar_io
https://blog.fox-it.com/feed,rss_socradar_io
https://hex-rays.com/feed,rss_socradar_io
https://www.darkreading.com/rss.xml,rss_socradar_io
https://securelist.com/feed,rss_socradar_io
https://redsiege.com/blog/feed/,rss_socradar_io
https://blog.talosintelligence.com/rss/,rss_socradar_io
https://trustedsec.com/feed.rss,rss_socradar_io
https://scorpiosoftware.net/feed/,rss_socradar_io
https://intezer.com/feed/,rss_socradar_io
https://www.zerodayinitiative.com/rss/published/,rss_socradar_io
https://bishopfox.com/feeds/resources.rss,rss_socradar_io
